<application>
  <component name="AdvancedSettings">
    <option name="settings">
      <map>
        <entry key="compiler.automake.allow.when.app.running" value="true" />
        <entry key="confirm.rerun.with.termination" value="false" />
        <entry key="editor.comment.line.caret.down" value="false" />
        <entry key="ide.ui.native.file.chooser" value="true" />
        <entry key="searcheverywhere.ml.typos.enable" value="false" />
      </map>
    </option>
  </component>
</application>