<application>
  <component name="LafManager">
    <laf themeId="3ef5925f-3169-46ca-ba19-96a58f317428" />
    <lafs-to-previous-schemes>
      <laf-to-scheme laf="3ef5925f-3169-46ca-ba19-96a58f317428" scheme="_@user_Gruvbox Dark Soft" />
      <laf-to-scheme laf="5ae631a4-e0b6-4d1e-ace1-411251040657" scheme="_@user_Roboticket Light" />
      <laf-to-scheme laf="64bac2a8-9558-4b8a-a0e0-a4017ec9114c" scheme="_@user_Gerry Darcula" />
      <laf-to-scheme laf="ExperimentalDark" scheme="_@user_Gruvbox Dark Soft" />
    </lafs-to-previous-schemes>
  </component>
</application>