<application>
  <component name="ProjectManager">
    <defaultProject>
      <component name="ProjectViewState">
        <option name="showLibraryContents" value="true" />
      </component>
      <component name="PropertiesComponent">{}</component>
      <component name="WindowStateProjectService">
        <state x="3843" y="741" width="1273" height="695" key="new project wizard" timestamp="1761132875774">
          <screen x="2560" y="0" width="2560" height="1440" />
        </state>
        <state x="3843" y="741" width="1273" height="695" key="new project wizard/5120.813.1512.950/2560.0.2560.1440/0.0.2560.1440" timestamp="1761132875774" />
      </component>
    </defaultProject>
  </component>
</application>