<application>
  <component name="ProjectManager">
    <defaultProject>
      <component name="PropertiesComponent"><![CDATA[{}]]></component>
      <component name="WindowStateProjectService">
        <state x="1038" y="207" width="800" height="706" key="new project wizard" timestamp="1736899794324">
          <screen x="0" y="0" width="1920" height="1200" />
        </state>
        <state x="1038" y="207" width="800" height="706" key="new project wizard/0.0.1920.1200" timestamp="1736899794324" />
      </component>
    </defaultProject>
  </component>
</application>