<application>
  <component name="BlockTerminalOptions">
    <option name="promptStyle" value="SINGLE_LINE" />
  </component>
  <component name="BlockTerminalUsage">
    <option name="blockTerminalDisabledLastTimeMillis" value="1736944420065" />
    <option name="blockTerminalUsedLastTimeMillis" value="1736944407544" />
    <option name="blockTerminalUsedLastVersion" value="243.22562.218" />
    <option name="feedbackNotificationShown" value="true" />
    <shellToExecutedCommandsNumber>
      <entry key="zsh" value="1" />
    </shellToExecutedCommandsNumber>
  </component>
  <component name="TerminalOptionsProvider">
    <option name="mySoundBell" value="false" />
  </component>
</application>