<application>
  <component name="Trusted.Paths">
    <option name="TRUSTED_PROJECT_PATHS">
      <map>
        <entry key="$USER_HOME$/IdeaProjects/AndersSBDDemo" value="true" />
        <entry key="$USER_HOME$/IdeaProjects/AndersSBDemo2" value="true" />
        <entry key="$USER_HOME$/IdeaProjects/MyDBProject" value="true" />
        <entry key="$USER_HOME$/IdeaProjects/MyStream" value="true" />
        <entry key="$USER_HOME$/IdeaProjects/bar" value="true" />
        <entry key="$USER_HOME$/IdeaProjects/foo" value="true" />
        <entry key="$USER_HOME$/IdeaProjects/myquiz" value="true" />
        <entry key="$USER_HOME$/gs-spring-boot/AndersSBDemo2" value="true" />
        <entry key="$USER_HOME$/gs-spring-boot/complete" value="true" />
        <entry key="$USER_HOME$/gs-spring-boot/initial" value="true" />
      </map>
    </option>
  </component>
</application>