<application>
  <component name="Trusted.Paths">
    <option name="TRUSTED_PROJECT_PATHS">
      <map>
        <entry key="$USER_HOME$/IdeaProjects/AndersSBDDemo" value="true" />
        <entry key="$USER_HOME$/IdeaProjects/AndersSBDemo2" value="true" />
        <entry key="$USER_HOME$/IdeaProjects/MyDBProject" value="true" />
        <entry key="$USER_HOME$/IdeaProjects/MyStream" value="true" />
        <entry key="$USER_HOME$/IdeaProjects/bar" value="true" />
        <entry key="$USER_HOME$/IdeaProjects/foo" value="true" />
        <entry key="$USER_HOME$/IdeaProjects/myquiz" value="true" />
        <entry key="$USER_HOME$/blog-tutorials/spring-boot-thymeleaf-testing" value="true" />
        <entry key="$USER_HOME$/eudiw-rp-register-lookup-web" value="true" />
        <entry key="$USER_HOME$/eudiw-verifier-demo" value="true" />
        <entry key="$USER_HOME$/eudiw/admin-new" value="true" />
        <entry key="$USER_HOME$/eudiw/eudiw-byob-service" value="true" />
        <entry key="$USER_HOME$/eudiw/eudiw-rp-register-admin" value="true" />
        <entry key="$USER_HOME$/eudiw/eudiw-rp-register-lookup-web" value="true" />
        <entry key="$USER_HOME$/eudiw/eudiw-rp-register-service" value="true" />
        <entry key="$USER_HOME$/eudiw/extra/eudiw-ca-service" value="true" />
        <entry key="$USER_HOME$/eudiw/extra/eudiw-credential-registry" value="true" />
        <entry key="$USER_HOME$/eudiw/extra/eudiw-issuer-server" value="true" />
        <entry key="$USER_HOME$/eudiw/extra/eudiw-verifier-demo" value="true" />
        <entry key="$USER_HOME$/eudiw/extra/idporten-login-client-example" value="true" />
        <entry key="$USER_HOME$/fel/admin-new" value="true" />
        <entry key="$USER_HOME$/fel/eudiw-rp-register-service" value="true" />
        <entry key="$USER_HOME$/fel/eudiw/admin" value="true" />
        <entry key="$USER_HOME$/fel/eudiw/ca" value="true" />
        <entry key="$USER_HOME$/fel/eudiw/eudiw-ca-service" value="true" />
        <entry key="$USER_HOME$/fel/eudiw/eudiw-credential-registry" value="true" />
        <entry key="$USER_HOME$/fel/eudiw/eudiw-issuer-demo" value="true" />
        <entry key="$USER_HOME$/fel/eudiw/eudiw-issuer-server" value="true" />
        <entry key="$USER_HOME$/fel/eudiw/eudiw-rp-register-admin" value="true" />
        <entry key="$USER_HOME$/fel/eudiw/eudiw-rp-register-lookup-web" value="true" />
        <entry key="$USER_HOME$/fel/eudiw/eudiw-rp-register-service" value="true" />
        <entry key="$USER_HOME$/fel/eudiw/eudiw-trustlist-service" value="true" />
        <entry key="$USER_HOME$/fel/eudiw/eudiw-verifier-demo" value="true" />
        <entry key="$USER_HOME$/fel/eudiw/lookup-web" value="true" />
        <entry key="$USER_HOME$/fel/idporten-fullmakt-demo-client" value="true" />
        <entry key="$USER_HOME$/fel/idporten-login-client-example" value="true" />
        <entry key="$USER_HOME$/fel/idporten-user-service" value="true" />
        <entry key="$USER_HOME$/fel/idporten-validators" value="true" />
        <entry key="$USER_HOME$/gs-spring-boot/AndersSBDemo2" value="true" />
        <entry key="$USER_HOME$/gs-spring-boot/complete" value="true" />
        <entry key="$USER_HOME$/gs-spring-boot/initial" value="true" />
        <entry key="$USER_HOME$/idporten-fnr-generate" value="true" />
        <entry key="$USER_HOME$/idporten-login-client-example" value="true" />
        <entry key="$USER_HOME$/idporten-login-client-example/idporten-login-example" value="true" />
        <entry key="$USER_HOME$/idporten-oidc-demo-client" value="true" />
        <entry key="$USER_HOME$/kundetjenester-selvbetjening-api" value="true" />
        <entry key="$USER_HOME$/minid-idkontroll-frontend" value="true" />
        <entry key="$USER_HOME$/test/eudiw-rp-register-service" value="true" />
        <entry key="/var/folders/qq/s6z28ncn01j1tpsfsw6546780000gn/T/admin18096694710526451586" value="true" />
      </map>
    </option>
  </component>
  <component name="Trusted.Paths.Settings">
    <option name="TRUSTED_PATHS">
      <list>
        <option value="$USER_HOME$/idporten-login-client-example" />
        <option value="$USER_HOME$/fel/eudiw" />
      </list>
    </option>
  </component>
</application>