<application>
  <component name="DimensionService">
    <location key="find.popup.0.0.1920.1200" x="637" y="115" />
    <location key="find.popup.0.0.1920.1080" x="643" y="65" />
    <location key="find.popup.0.0.2560.1440" x="976" y="175" />
    <size key="GridCell.Tab.0.right.0.0.1920.1200" width="873" height="237" />
    <size key="GridCell.Tab.0.left.0.0.1920.1200" width="873" height="237" />
    <size key="GridCell.Tab.0.center.0.0.1920.1200" width="873" height="237" />
    <size key="GridCell.Tab.0.bottom.0.0.1920.1200" width="873" height="237" />
    <size key="GridCell.Tab.1.left.0.0.1920.1200" width="873" height="237" />
    <size key="GridCell.Tab.1.center.0.0.1920.1200" width="873" height="237" />
    <size key="GridCell.Tab.1.right.0.0.1920.1200" width="873" height="237" />
    <size key="GridCell.Tab.1.bottom.0.0.1920.1200" width="873" height="237" />
    <size key="find.popup.0.0.1920.1200" width="770" height="951" />
    <size key="GridCell.Tab.0.left.0.0.2560.1440" width="1207" height="428" />
    <size key="GridCell.Tab.0.center.0.0.2560.1440" width="1207" height="428" />
    <size key="GridCell.Tab.0.right.0.0.2560.1440" width="1207" height="428" />
    <size key="GridCell.Tab.0.bottom.0.0.2560.1440" width="1207" height="428" />
    <size key="find.popup.0.0.1920.1080" width="761" height="1035" />
    <size key="GridCell.Tab.1.left.0.0.2560.1440" width="1239" height="525" />
    <size key="GridCell.Tab.1.center.0.0.2560.1440" width="1239" height="525" />
    <size key="GridCell.Tab.1.right.0.0.2560.1440" width="1239" height="525" />
    <size key="GridCell.Tab.1.bottom.0.0.2560.1440" width="1239" height="525" />
    <size key="GridCell.Tab.2.left.0.0.2560.1440" width="1239" height="525" />
    <size key="GridCell.Tab.2.center.0.0.2560.1440" width="1239" height="525" />
    <size key="GridCell.Tab.2.right.0.0.2560.1440" width="1239" height="525" />
    <size key="GridCell.Tab.2.bottom.0.0.2560.1440" width="1239" height="525" />
    <size key="GridCell.Tab.3.left.0.0.2560.1440" width="1239" height="525" />
    <size key="GridCell.Tab.3.center.0.0.2560.1440" width="1239" height="525" />
    <size key="GridCell.Tab.3.right.0.0.2560.1440" width="1239" height="525" />
    <size key="GridCell.Tab.3.bottom.0.0.2560.1440" width="1239" height="525" />
    <size key="GridCell.Tab.4.left.0.0.2560.1440" width="1239" height="525" />
    <size key="GridCell.Tab.4.center.0.0.2560.1440" width="1239" height="525" />
    <size key="GridCell.Tab.4.right.0.0.2560.1440" width="1239" height="525" />
    <size key="GridCell.Tab.4.bottom.0.0.2560.1440" width="1239" height="525" />
    <size key="GridCell.Tab.2.left.0.0.1920.1200" width="873" height="237" />
    <size key="GridCell.Tab.2.center.0.0.1920.1200" width="873" height="237" />
    <size key="GridCell.Tab.2.right.0.0.1920.1200" width="873" height="237" />
    <size key="GridCell.Tab.2.bottom.0.0.1920.1200" width="873" height="237" />
    <size key="GridCell.Tab.3.left.0.0.1920.1200" width="873" height="237" />
    <size key="GridCell.Tab.3.center.0.0.1920.1200" width="873" height="237" />
    <size key="GridCell.Tab.3.right.0.0.1920.1200" width="873" height="237" />
    <size key="GridCell.Tab.3.bottom.0.0.1920.1200" width="873" height="237" />
    <size key="GridCell.Tab.4.left.0.0.1920.1200" width="873" height="237" />
    <size key="GridCell.Tab.4.center.0.0.1920.1200" width="873" height="237" />
    <size key="GridCell.Tab.4.right.0.0.1920.1200" width="873" height="237" />
    <size key="GridCell.Tab.4.bottom.0.0.1920.1200" width="873" height="237" />
    <size key="GridCell.Tab.0.left.0.0.3600.2338@192dpi" width="3452" height="970" />
    <size key="GridCell.Tab.0.center.0.0.3600.2338@192dpi" width="3452" height="970" />
    <size key="GridCell.Tab.0.right.0.0.3600.2338@192dpi" width="3452" height="970" />
    <size key="GridCell.Tab.0.bottom.0.0.3600.2338@192dpi" width="3452" height="970" />
    <size key="GridCell.Tab.1.left.0.0.3600.2338@192dpi" width="3452" height="304" />
    <size key="GridCell.Tab.1.center.0.0.3600.2338@192dpi" width="3452" height="304" />
    <size key="GridCell.Tab.1.right.0.0.3600.2338@192dpi" width="3452" height="304" />
    <size key="GridCell.Tab.1.bottom.0.0.3600.2338@192dpi" width="3452" height="304" />
    <size key="GridCell.Tab.2.left.0.0.3600.2338@192dpi" width="3452" height="304" />
    <size key="GridCell.Tab.2.center.0.0.3600.2338@192dpi" width="3452" height="304" />
    <size key="GridCell.Tab.2.right.0.0.3600.2338@192dpi" width="3452" height="304" />
    <size key="GridCell.Tab.2.bottom.0.0.3600.2338@192dpi" width="3452" height="304" />
    <size key="GridCell.Tab.3.left.0.0.3600.2338@192dpi" width="3452" height="304" />
    <size key="GridCell.Tab.3.center.0.0.3600.2338@192dpi" width="3452" height="304" />
    <size key="GridCell.Tab.3.right.0.0.3600.2338@192dpi" width="3452" height="304" />
    <size key="GridCell.Tab.3.bottom.0.0.3600.2338@192dpi" width="3452" height="304" />
    <size key="GridCell.Tab.4.left.0.0.3600.2338@192dpi" width="3452" height="304" />
    <size key="GridCell.Tab.4.center.0.0.3600.2338@192dpi" width="3452" height="304" />
    <size key="GridCell.Tab.4.right.0.0.3600.2338@192dpi" width="3452" height="304" />
    <size key="GridCell.Tab.4.bottom.0.0.3600.2338@192dpi" width="3452" height="304" />
    <size key="GridCell.Tab.0.left.0.0.3440.1440" width="3366" height="588" />
    <size key="GridCell.Tab.0.center.0.0.3440.1440" width="3366" height="588" />
    <size key="GridCell.Tab.0.right.0.0.3440.1440" width="3366" height="588" />
    <size key="GridCell.Tab.0.bottom.0.0.3440.1440" width="3366" height="588" />
    <size key="GridCell.Tab.1.left.0.0.3440.1440" width="3366" height="588" />
    <size key="GridCell.Tab.1.center.0.0.3440.1440" width="3366" height="588" />
    <size key="GridCell.Tab.1.right.0.0.3440.1440" width="3366" height="588" />
    <size key="GridCell.Tab.1.bottom.0.0.3440.1440" width="3366" height="588" />
    <size key="GridCell.Tab.2.left.0.0.3440.1440" width="3366" height="588" />
    <size key="GridCell.Tab.2.center.0.0.3440.1440" width="3366" height="588" />
    <size key="GridCell.Tab.2.right.0.0.3440.1440" width="3366" height="588" />
    <size key="GridCell.Tab.2.bottom.0.0.3440.1440" width="3366" height="588" />
    <size key="GridCell.Tab.3.left.0.0.3440.1440" width="3366" height="588" />
    <size key="GridCell.Tab.3.center.0.0.3440.1440" width="3366" height="588" />
    <size key="GridCell.Tab.3.right.0.0.3440.1440" width="3366" height="588" />
    <size key="GridCell.Tab.3.bottom.0.0.3440.1440" width="3366" height="588" />
    <size key="GridCell.Tab.4.left.0.0.3440.1440" width="3366" height="588" />
    <size key="GridCell.Tab.4.center.0.0.3440.1440" width="3366" height="588" />
    <size key="GridCell.Tab.4.right.0.0.3440.1440" width="3366" height="588" />
    <size key="GridCell.Tab.4.bottom.0.0.3440.1440" width="3366" height="588" />
    <size key="GridCell.Tab.0.left.0.0.1920.1080" width="1846" height="542" />
    <size key="GridCell.Tab.0.center.0.0.1920.1080" width="1846" height="542" />
    <size key="GridCell.Tab.0.right.0.0.1920.1080" width="1846" height="542" />
    <size key="GridCell.Tab.0.bottom.0.0.1920.1080" width="1846" height="542" />
    <size key="GridCell.Tab.1.left.0.0.1920.1080" width="1846" height="542" />
    <size key="GridCell.Tab.1.center.0.0.1920.1080" width="1846" height="542" />
    <size key="GridCell.Tab.1.right.0.0.1920.1080" width="1846" height="542" />
    <size key="GridCell.Tab.1.bottom.0.0.1920.1080" width="1846" height="542" />
    <size key="GridCell.Tab.2.left.0.0.1920.1080" width="1846" height="542" />
    <size key="GridCell.Tab.2.center.0.0.1920.1080" width="1846" height="542" />
    <size key="GridCell.Tab.2.right.0.0.1920.1080" width="1846" height="542" />
    <size key="GridCell.Tab.2.bottom.0.0.1920.1080" width="1846" height="542" />
    <size key="GridCell.Tab.3.left.0.0.1920.1080" width="1846" height="542" />
    <size key="GridCell.Tab.3.center.0.0.1920.1080" width="1846" height="542" />
    <size key="GridCell.Tab.3.right.0.0.1920.1080" width="1846" height="542" />
    <size key="GridCell.Tab.3.bottom.0.0.1920.1080" width="1846" height="542" />
    <size key="GridCell.Tab.4.left.0.0.1920.1080" width="1846" height="542" />
    <size key="GridCell.Tab.4.center.0.0.1920.1080" width="1846" height="542" />
    <size key="GridCell.Tab.4.right.0.0.1920.1080" width="1846" height="542" />
    <size key="GridCell.Tab.4.bottom.0.0.1920.1080" width="1846" height="542" />
    <size key="GridCell.Tab.5.left.0.0.1920.1080" width="1846" height="542" />
    <size key="GridCell.Tab.5.center.0.0.1920.1080" width="1846" height="542" />
    <size key="GridCell.Tab.5.right.0.0.1920.1080" width="1846" height="542" />
    <size key="GridCell.Tab.5.bottom.0.0.1920.1080" width="1846" height="542" />
    <size key="GridCell.Tab.5.left.0.0.3440.1440" width="3366" height="428" />
    <size key="GridCell.Tab.5.center.0.0.3440.1440" width="3366" height="428" />
    <size key="GridCell.Tab.5.right.0.0.3440.1440" width="3366" height="428" />
    <size key="GridCell.Tab.5.bottom.0.0.3440.1440" width="3366" height="428" />
    <size key="GridCell.Tab.5.left.0.0.2560.1440" width="1239" height="525" />
    <size key="GridCell.Tab.5.center.0.0.2560.1440" width="1239" height="525" />
    <size key="GridCell.Tab.5.right.0.0.2560.1440" width="1239" height="525" />
    <size key="GridCell.Tab.5.bottom.0.0.2560.1440" width="1239" height="525" />
    <size key="GridCell.Tab.0.left.2560.0.2560.1440" width="1239" height="354" />
    <size key="GridCell.Tab.0.center.2560.0.2560.1440" width="1239" height="354" />
    <size key="GridCell.Tab.0.right.2560.0.2560.1440" width="1239" height="354" />
    <size key="GridCell.Tab.0.bottom.2560.0.2560.1440" width="1239" height="354" />
    <size key="GridCell.Tab.1.left.2560.0.2560.1440" width="1239" height="354" />
    <size key="GridCell.Tab.1.center.2560.0.2560.1440" width="1239" height="354" />
    <size key="GridCell.Tab.1.right.2560.0.2560.1440" width="1239" height="354" />
    <size key="GridCell.Tab.1.bottom.2560.0.2560.1440" width="1239" height="354" />
    <size key="GridCell.Tab.2.left.2560.0.2560.1440" width="1239" height="354" />
    <size key="GridCell.Tab.2.center.2560.0.2560.1440" width="1239" height="354" />
    <size key="GridCell.Tab.2.right.2560.0.2560.1440" width="1239" height="354" />
    <size key="GridCell.Tab.2.bottom.2560.0.2560.1440" width="1239" height="354" />
    <size key="GridCell.Tab.3.left.2560.0.2560.1440" width="1239" height="354" />
    <size key="GridCell.Tab.3.center.2560.0.2560.1440" width="1239" height="354" />
    <size key="GridCell.Tab.3.right.2560.0.2560.1440" width="1239" height="354" />
    <size key="GridCell.Tab.3.bottom.2560.0.2560.1440" width="1239" height="354" />
    <size key="GridCell.Tab.4.left.2560.0.2560.1440" width="1239" height="354" />
    <size key="GridCell.Tab.4.center.2560.0.2560.1440" width="1239" height="354" />
    <size key="GridCell.Tab.4.right.2560.0.2560.1440" width="1239" height="354" />
    <size key="GridCell.Tab.4.bottom.2560.0.2560.1440" width="1239" height="354" />
    <size key="GridCell.Tab.5.left.2560.0.2560.1440" width="1239" height="525" />
    <size key="GridCell.Tab.5.center.2560.0.2560.1440" width="1239" height="525" />
    <size key="GridCell.Tab.5.right.2560.0.2560.1440" width="1239" height="525" />
    <size key="GridCell.Tab.5.bottom.2560.0.2560.1440" width="1239" height="525" />
    <size key="GridCell.Tab.0.left.3840.434.3600.2338@192dpi" width="3452" height="628" />
    <size key="GridCell.Tab.0.center.3840.434.3600.2338@192dpi" width="3452" height="628" />
    <size key="GridCell.Tab.0.right.3840.434.3600.2338@192dpi" width="3452" height="628" />
    <size key="GridCell.Tab.0.bottom.3840.434.3600.2338@192dpi" width="3452" height="628" />
    <size key="GridCell.Tab.1.left.3840.434.3600.2338@192dpi" width="3452" height="628" />
    <size key="GridCell.Tab.1.center.3840.434.3600.2338@192dpi" width="3452" height="628" />
    <size key="GridCell.Tab.1.right.3840.434.3600.2338@192dpi" width="3452" height="628" />
    <size key="GridCell.Tab.1.bottom.3840.434.3600.2338@192dpi" width="3452" height="628" />
    <size key="GridCell.Tab.2.left.3840.434.3600.2338@192dpi" width="3452" height="628" />
    <size key="GridCell.Tab.2.center.3840.434.3600.2338@192dpi" width="3452" height="628" />
    <size key="GridCell.Tab.2.right.3840.434.3600.2338@192dpi" width="3452" height="628" />
    <size key="GridCell.Tab.2.bottom.3840.434.3600.2338@192dpi" width="3452" height="628" />
    <size key="GridCell.Tab.3.left.3840.434.3600.2338@192dpi" width="3452" height="628" />
    <size key="GridCell.Tab.3.center.3840.434.3600.2338@192dpi" width="3452" height="628" />
    <size key="GridCell.Tab.3.right.3840.434.3600.2338@192dpi" width="3452" height="628" />
    <size key="GridCell.Tab.3.bottom.3840.434.3600.2338@192dpi" width="3452" height="628" />
    <size key="GridCell.Tab.4.left.3840.434.3600.2338@192dpi" width="3452" height="628" />
    <size key="GridCell.Tab.4.center.3840.434.3600.2338@192dpi" width="3452" height="628" />
    <size key="GridCell.Tab.4.right.3840.434.3600.2338@192dpi" width="3452" height="628" />
    <size key="GridCell.Tab.4.bottom.3840.434.3600.2338@192dpi" width="3452" height="628" />
    <size key="GridCell.Tab.0.left.0.0.3024.1964@192dpi" width="4972" height="856" />
    <size key="GridCell.Tab.0.center.0.0.3024.1964@192dpi" width="4972" height="856" />
    <size key="GridCell.Tab.0.right.0.0.3024.1964@192dpi" width="4972" height="856" />
    <size key="GridCell.Tab.0.bottom.0.0.3024.1964@192dpi" width="4972" height="856" />
    <size key="GridCell.Tab.1.left.0.0.3024.1964@192dpi" width="4972" height="856" />
    <size key="GridCell.Tab.1.center.0.0.3024.1964@192dpi" width="4972" height="856" />
    <size key="GridCell.Tab.1.right.0.0.3024.1964@192dpi" width="4972" height="856" />
    <size key="GridCell.Tab.1.bottom.0.0.3024.1964@192dpi" width="4972" height="856" />
    <size key="GridCell.Tab.2.left.0.0.3024.1964@192dpi" width="4972" height="856" />
    <size key="GridCell.Tab.2.center.0.0.3024.1964@192dpi" width="4972" height="856" />
    <size key="GridCell.Tab.2.right.0.0.3024.1964@192dpi" width="4972" height="856" />
    <size key="GridCell.Tab.2.bottom.0.0.3024.1964@192dpi" width="4972" height="856" />
    <size key="GridCell.Tab.3.left.0.0.3024.1964@192dpi" width="4972" height="856" />
    <size key="GridCell.Tab.3.center.0.0.3024.1964@192dpi" width="4972" height="856" />
    <size key="GridCell.Tab.3.right.0.0.3024.1964@192dpi" width="4972" height="856" />
    <size key="GridCell.Tab.3.bottom.0.0.3024.1964@192dpi" width="4972" height="856" />
    <size key="GridCell.Tab.4.left.0.0.3024.1964@192dpi" width="4972" height="856" />
    <size key="GridCell.Tab.4.center.0.0.3024.1964@192dpi" width="4972" height="856" />
    <size key="GridCell.Tab.4.right.0.0.3024.1964@192dpi" width="4972" height="856" />
    <size key="GridCell.Tab.4.bottom.0.0.3024.1964@192dpi" width="4972" height="856" />
    <size key="GridCell.Tab.5.left.0.0.3600.2338@192dpi" width="3452" height="304" />
    <size key="GridCell.Tab.5.center.0.0.3600.2338@192dpi" width="3452" height="304" />
    <size key="GridCell.Tab.5.right.0.0.3600.2338@192dpi" width="3452" height="304" />
    <size key="GridCell.Tab.5.bottom.0.0.3600.2338@192dpi" width="3452" height="304" />
    <size key="GridCell.Tab.0.left.1920.10.1920.1080" width="1878" height="267" />
    <size key="GridCell.Tab.0.center.1920.10.1920.1080" width="1878" height="267" />
    <size key="GridCell.Tab.0.right.1920.10.1920.1080" width="1878" height="267" />
    <size key="GridCell.Tab.0.bottom.1920.10.1920.1080" width="1878" height="267" />
    <size key="GridCell.Tab.1.left.1920.10.1920.1080" width="1878" height="267" />
    <size key="GridCell.Tab.1.center.1920.10.1920.1080" width="1878" height="267" />
    <size key="GridCell.Tab.1.right.1920.10.1920.1080" width="1878" height="267" />
    <size key="GridCell.Tab.1.bottom.1920.10.1920.1080" width="1878" height="267" />
    <size key="GridCell.Tab.2.left.1920.10.1920.1080" width="1878" height="267" />
    <size key="GridCell.Tab.2.center.1920.10.1920.1080" width="1878" height="267" />
    <size key="GridCell.Tab.2.right.1920.10.1920.1080" width="1878" height="267" />
    <size key="GridCell.Tab.2.bottom.1920.10.1920.1080" width="1878" height="267" />
    <size key="GridCell.Tab.3.left.1920.10.1920.1080" width="1878" height="267" />
    <size key="GridCell.Tab.3.center.1920.10.1920.1080" width="1878" height="267" />
    <size key="GridCell.Tab.3.right.1920.10.1920.1080" width="1878" height="267" />
    <size key="GridCell.Tab.3.bottom.1920.10.1920.1080" width="1878" height="267" />
    <size key="GridCell.Tab.4.left.1920.10.1920.1080" width="1878" height="267" />
    <size key="GridCell.Tab.4.center.1920.10.1920.1080" width="1878" height="267" />
    <size key="GridCell.Tab.4.right.1920.10.1920.1080" width="1878" height="267" />
    <size key="GridCell.Tab.4.bottom.1920.10.1920.1080" width="1878" height="267" />
    <size key="find.popup.0.0.2560.1440" width="725" height="843" />
    <size key="GridCell.Tab.5.left.1920.10.1920.1080" width="1878" height="330" />
    <size key="GridCell.Tab.5.center.1920.10.1920.1080" width="1878" height="330" />
    <size key="GridCell.Tab.5.right.1920.10.1920.1080" width="1878" height="330" />
    <size key="GridCell.Tab.5.bottom.1920.10.1920.1080" width="1878" height="330" />
  </component>
  <component name="WindowManager">
    <frame x="0" y="0" width="1792" height="1123" extendedState="6" />
  </component>
  <component name="WindowStateApplicationService">
    <state width="1069" height="763" key="ShowUsagesActions.dimensionServiceKey" timestamp="1767688814055">
      <screen x="0" y="0" width="2560" height="1440" />
    </state>
    <state width="875" height="118" key="ShowUsagesActions.dimensionServiceKey/0.38.1800.1131" timestamp="1763549721086" />
    <state width="691" height="163" key="ShowUsagesActions.dimensionServiceKey/1920.255.1800.1131/0.0.1920.1080" timestamp="1762868375195" />
    <state width="1069" height="763" key="ShowUsagesActions.dimensionServiceKey/5120.813.1512.950/0.0.2560.1440/2560.0.2560.1440" timestamp="1767688814055" />
    <state width="390" height="119" key="ShowUsagesActions.dimensionServiceKey/5120.813.1512.950/2560.0.2560.1440/0.0.2560.1440" timestamp="1761728461281" />
    <state x="1349" y="603" width="893" height="1123" key="WELCOME_SCREEN" timestamp="1769767151956">
      <screen x="0" y="38" width="1800" height="1131" />
    </state>
    <state x="1349" y="603" width="893" height="1123" key="WELCOME_SCREEN/0.38.1800.1131" timestamp="1769767151956" />
    <state x="2880" y="568" width="1912" height="1036" key="WELCOME_SCREEN/1920.10.1920.1080/0.0.1920.1080" timestamp="1766995611847" />
    <state x="960" y="558" width="1912" height="1036" key="WELCOME_SCREEN/1920.255.1800.1131/0.0.1920.1080" timestamp="1765535294871" />
    <state x="1919" y="738" width="1273" height="1396" key="WELCOME_SCREEN/5120.813.1512.950/0.0.2560.1440/2560.0.2560.1440" timestamp="1765205446508" />
    <state x="1280" y="1088" width="2552" height="695" key="WELCOME_SCREEN/5120.813.1512.950/2560.0.2560.1440/0.0.2560.1440" timestamp="1765272296705" />
    <state width="427" height="660" key="manage.recent.projects.popup" timestamp="1767881005040">
      <screen x="0" y="0" width="2560" height="1440" />
    </state>
    <state width="300" height="518" key="manage.recent.projects.popup/0.38.1800.1131" timestamp="1765293687568" />
    <state width="427" height="660" key="manage.recent.projects.popup/5120.813.1512.950/0.0.2560.1440/2560.0.2560.1440" timestamp="1764925561586" />
    <state width="427" height="660" key="manage.recent.projects.popup/5120.813.1512.950/2560.0.2560.1440/0.0.2560.1440" timestamp="1767881005040" />
  </component>
</application>