<application>
  <component name="DimensionService">
    <location key="find.popup.0.0.1920.1200" x="637" y="115" />
    <location key="find.popup.0.0.1920.1080" x="643" y="65" />
    <size key="GridCell.Tab.0.right.0.0.1920.1200" width="873" height="237" />
    <size key="GridCell.Tab.0.left.0.0.1920.1200" width="873" height="237" />
    <size key="GridCell.Tab.0.center.0.0.1920.1200" width="873" height="237" />
    <size key="GridCell.Tab.0.bottom.0.0.1920.1200" width="873" height="237" />
    <size key="GridCell.Tab.1.left.0.0.1920.1200" width="873" height="237" />
    <size key="GridCell.Tab.1.center.0.0.1920.1200" width="873" height="237" />
    <size key="GridCell.Tab.1.right.0.0.1920.1200" width="873" height="237" />
    <size key="GridCell.Tab.1.bottom.0.0.1920.1200" width="873" height="237" />
    <size key="find.popup.0.0.1920.1200" width="770" height="951" />
    <size key="GridCell.Tab.0.left.0.0.2560.1440" width="1193" height="237" />
    <size key="GridCell.Tab.0.center.0.0.2560.1440" width="1193" height="237" />
    <size key="GridCell.Tab.0.right.0.0.2560.1440" width="1193" height="237" />
    <size key="GridCell.Tab.0.bottom.0.0.2560.1440" width="1193" height="237" />
    <size key="find.popup.0.0.1920.1080" width="761" height="1035" />
    <size key="GridCell.Tab.1.left.0.0.2560.1440" width="1193" height="237" />
    <size key="GridCell.Tab.1.center.0.0.2560.1440" width="1193" height="237" />
    <size key="GridCell.Tab.1.right.0.0.2560.1440" width="1193" height="237" />
    <size key="GridCell.Tab.1.bottom.0.0.2560.1440" width="1193" height="237" />
    <size key="GridCell.Tab.2.left.0.0.2560.1440" width="1193" height="237" />
    <size key="GridCell.Tab.2.center.0.0.2560.1440" width="1193" height="237" />
    <size key="GridCell.Tab.2.right.0.0.2560.1440" width="1193" height="237" />
    <size key="GridCell.Tab.2.bottom.0.0.2560.1440" width="1193" height="237" />
    <size key="GridCell.Tab.3.left.0.0.2560.1440" width="1193" height="237" />
    <size key="GridCell.Tab.3.center.0.0.2560.1440" width="1193" height="237" />
    <size key="GridCell.Tab.3.right.0.0.2560.1440" width="1193" height="237" />
    <size key="GridCell.Tab.3.bottom.0.0.2560.1440" width="1193" height="237" />
    <size key="GridCell.Tab.4.left.0.0.2560.1440" width="1193" height="237" />
    <size key="GridCell.Tab.4.center.0.0.2560.1440" width="1193" height="237" />
    <size key="GridCell.Tab.4.right.0.0.2560.1440" width="1193" height="237" />
    <size key="GridCell.Tab.4.bottom.0.0.2560.1440" width="1193" height="237" />
    <size key="GridCell.Tab.2.left.0.0.1920.1200" width="873" height="237" />
    <size key="GridCell.Tab.2.center.0.0.1920.1200" width="873" height="237" />
    <size key="GridCell.Tab.2.right.0.0.1920.1200" width="873" height="237" />
    <size key="GridCell.Tab.2.bottom.0.0.1920.1200" width="873" height="237" />
    <size key="GridCell.Tab.3.left.0.0.1920.1200" width="873" height="237" />
    <size key="GridCell.Tab.3.center.0.0.1920.1200" width="873" height="237" />
    <size key="GridCell.Tab.3.right.0.0.1920.1200" width="873" height="237" />
    <size key="GridCell.Tab.3.bottom.0.0.1920.1200" width="873" height="237" />
    <size key="GridCell.Tab.4.left.0.0.1920.1200" width="873" height="237" />
    <size key="GridCell.Tab.4.center.0.0.1920.1200" width="873" height="237" />
    <size key="GridCell.Tab.4.right.0.0.1920.1200" width="873" height="237" />
    <size key="GridCell.Tab.4.bottom.0.0.1920.1200" width="873" height="237" />
  </component>
  <component name="WindowManager">
    <frame x="965" y="-6" width="943" height="1173" extendedState="4" />
  </component>
  <component name="WindowStateApplicationService">
    <state x="638" y="783" width="428" height="476" key="FileChooserDialogImpl" timestamp="1738233162981">
      <screen x="0" y="0" width="2560" height="1440" />
    </state>
    <state x="638" y="783" width="428" height="476" key="FileChooserDialogImpl/0.0.2560.1440" timestamp="1738233162981" />
    <state width="713" height="950" key="ShowUsagesActions.dimensionServiceKey" timestamp="1737366113269">
      <screen x="0" y="0" width="2560" height="1440" />
    </state>
    <state width="713" height="950" key="ShowUsagesActions.dimensionServiceKey/0.0.2560.1440" timestamp="1737366113269" />
  </component>
</application>