<application>
  <component name="MavenWrapperMapping">
    <option name="mapping">
      <map>
        <entry key="https://repo.maven.apache.org/maven2/org/apache/maven/apache-maven/3.8.5/apache-maven-3.8.5-bin.zip" value="$USER_HOME$/.m2/wrapper/dists/apache-maven-3.8.5-bin/5i5jha092a3i37g0paqnfr15e0/apache-maven-3.8.5" />
        <entry key="https://repo.maven.apache.org/maven2/org/apache/maven/apache-maven/3.9.7/apache-maven-3.9.7-bin.zip" value="$USER_HOME$/.m2/wrapper/dists/apache-maven-3.9.7-bin/3k9n615lchs6mp84v355m633uo/apache-maven-3.9.7" />
        <entry key="https://repo.maven.apache.org/maven2/org/apache/maven/apache-maven/3.9.9/apache-maven-3.9.9-bin.zip" value="$USER_HOME$/.m2/wrapper/dists/apache-maven-3.9.9-bin/4nf9hui3q3djbarqar9g711ggc/apache-maven-3.9.9" />
      </map>
    </option>
  </component>
</application>