<keymap version="1" name="XWin copy" parent="Default for XWin">
  <action id="ActivateTerminalToolWindow">
    <keyboard-shortcut first-keystroke="ctrl t" />
  </action>
  <action id="CodeFloatingToolbar.GotoPrevMenu" />
  <action id="CommentByLineComment">
    <keyboard-shortcut first-keystroke="ctrl slash" />
    <keyboard-shortcut first-keystroke="ctrl divide" />
    <keyboard-shortcut first-keystroke="ctrl e" />
  </action>
  <action id="EditorIndentSelection" />
  <action id="EditorTab" />
  <action id="EditorUnindentSelection" />
  <action id="PrevParameter" />
  <action id="PreviousTemplateVariable" />
  <action id="RecentFiles" />
  <action id="SearchEverywhere.PrevTab" />
  <action id="SplitChooser.PreviousWindow" />
  <action id="SplitHorizontally">
    <keyboard-shortcut first-keystroke="shift alt j" />
  </action>
  <action id="SplitVertically">
    <keyboard-shortcut first-keystroke="shift alt l" />
  </action>
  <action id="SwitcherIterateItems" />
  <action id="SwitcherRecentEditedChangedToggleCheckBox" />
  <action id="TableResult.UnselectPreviousOccurrence" />
  <action id="Terminal.Find">
    <keyboard-shortcut first-keystroke="alt f3" />
  </action>
  <action id="UnselectPreviousOccurrence" />
  <action id="Vcs.UpdateProject" />
  <action id="context.load" />
</keymap>